theta0,theta1
0.936212,-0.995376